[
  {
    "sourceCase": "3.1",
    "scenario": "A famous market indicator suggests the S&P 500 rises for the year if a team from the original National Football Conference (NFC) wins the Super Bowl. An NFC team just won, so a trader bets heavily on the market.",
    "claim": "The NFC team winning the Super Bowl will cause the market to rise.",
    "pearlLevel": "L1",
    "domain": "Markets",
    "subdomain": "Technical Analysis",
    "trapType": "SPURIOUS",
    "trapSubtype": "Coincidence / Data Mining",
    "difficulty": "easy",
    "groundTruth": "INVALID",
    "variables": { "X": "NFC Team Wins (Event)", "Y": "Market Rise (Outcome)", "Z": ["Coincidence / Noise"] },
    "causalStructure": "No causal link exists; correlation is coincidental from small sample",
    "keyInsight": "Correlation does not imply causation, especially with small sample sizes",
    "explanation": "There is no plausible causal mechanism linking the Super Bowl winner to the stock market. This is a spurious correlation driven by data mining on a small dataset (N < 60).",
    "wiseRefusal": "The causal claim is INVALID. There is no plausible causal mechanism linking the Super Bowl winner to the stock market. This is a spurious correlation driven by data mining on a small dataset (N < 60). Betting on this is betting on randomness."
  },
  {
    "sourceCase": "3.2",
    "scenario": "Historical data suggests that when small 'odd lot' retail investors buy heavily, the market tops out and crashes. A trader sees retail buying and sells immediately.",
    "claim": "Retail buying causes the market to crash.",
    "pearlLevel": "L1",
    "domain": "Markets",
    "subdomain": "Behavioral Finance",
    "trapType": "REVERSE",
    "trapSubtype": "Sentiment Indicator",
    "difficulty": "medium",
    "groundTruth": "INVALID",
    "variables": { "X": "Retail Buying (Indicator)", "Y": "Market Crash (Outcome)", "Z": ["Late-Cycle Euphoria (Latent Cause)"] },
    "causalStructure": "Euphoria (Z) causes both retail buying (X) and eventual crash (Y)",
    "keyInsight": "Retail buying is a sign of euphoria, not the cause of the crash",
    "explanation": "Retail buying does not mechanically cause a crash. Heavy retail participation is an indicator of late-stage market euphoria. The market crashes because valuations are unsustainable.",
    "wiseRefusal": "The causal claim is INVALID. Retail buying (X) does not mechanically cause a crash. Instead, heavy retail participation is an indicator of late-stage market euphoria (Z). The market crashes because valuations are unsustainable, not because small investors are buying."
  },
  {
    "sourceCase": "3.3",
    "scenario": "A technical chart pattern called the 'Hindenburg Omen' appears. Historically, major crashes are preceded by this signal, though the signal only leads to a crash 25% of the time. You panic sell everything.",
    "claim": "The Hindenburg Omen signal indicates an imminent crash.",
    "pearlLevel": "L1",
    "domain": "Markets",
    "subdomain": "Technical Analysis",
    "trapType": "SELECTION",
    "trapSubtype": "False Positive / Base Rate Neglect",
    "difficulty": "medium",
    "groundTruth": "INVALID",
    "variables": { "X": "Chart Signal (Predictor)", "Y": "Crash (Outcome)", "Z": ["Market Internal Divergence (Condition)"] },
    "causalStructure": "Signal has 75% false positive rate; crashes preceded by signal ≠ signal causes crash",
    "keyInsight": "A signal with high false positive rate is not a valid causal trigger",
    "explanation": "This signal has a high false positive rate (75%). While crashes are often preceded by the Omen, the Omen is frequently followed by nothing.",
    "wiseRefusal": "The causal claim is INVALID. This signal has a 75% false positive rate. While crashes are often preceded by the Omen, the Omen is frequently followed by nothing. The predictive power is too low to justify action without confirming evidence."
  },
  {
    "sourceCase": "3.4",
    "scenario": "When a CEO appears on the cover of Time Magazine, the company stock falls within 12 months. A trader decides to short the stock immediately upon publication.",
    "claim": "The magazine cover causes the stock to fall.",
    "pearlLevel": "L1",
    "domain": "Markets",
    "subdomain": "Behavioral Finance",
    "trapType": "REGRESSION",
    "trapSubtype": "Regression to the Mean",
    "difficulty": "easy",
    "groundTruth": "INVALID",
    "variables": { "X": "Magazine Cover (Event)", "Y": "Stock Fall (Outcome)", "Z": ["Peak Popularity / Hype (Context)"] },
    "causalStructure": "Cover marks peak hype (Z); subsequent decline is regression to mean",
    "keyInsight": "Magazine covers capture the peak of a trend; subsequent performance regresses to the mean",
    "explanation": "The magazine cover doesn't jinx the company. It marks the peak of public hype. The subsequent stock drop is simply regression to the mean from an unsustainable extreme.",
    "wiseRefusal": "The causal claim is INVALID. The magazine cover doesn't jinx the company. It marks the peak of public hype (Z). The subsequent stock drop is simply regression to the mean from an unsustainable extreme."
  },
  {
    "sourceCase": "3.5",
    "scenario": "Small-cap stocks historically outperform in January. A trader loads up on small caps every December expecting guaranteed January gains.",
    "claim": "Buying small caps in December guarantees January gains.",
    "pearlLevel": "L1",
    "domain": "Markets",
    "subdomain": "Calendar Effects",
    "trapType": "SELECTION",
    "trapSubtype": "Calendar Anomaly / Arbitraged Away",
    "difficulty": "easy",
    "groundTruth": "INVALID",
    "variables": { "X": "January (Time Period)", "Y": "Small-Cap Outperformance (Outcome)", "Z": ["Tax-Loss Selling / Publication Bias (Mechanism)"] },
    "causalStructure": "Anomaly existed due to tax-loss selling; publicized and arbitraged away",
    "keyInsight": "Publicized anomalies tend to disappear as traders exploit them",
    "explanation": "The January Effect is a well-known calendar anomaly that has largely been arbitraged away since its discovery. Once the pattern became public knowledge, traders began front-running it.",
    "wiseRefusal": "The causal claim is INVALID. The January Effect has largely been arbitraged away since its discovery. Once the pattern became public knowledge, traders began front-running it in December, eliminating the excess returns."
  },
  {
    "sourceCase": "3.15",
    "scenario": "Among hedge funds that survived for 10+ years, those using Strategy A show higher average returns than those using Strategy B.",
    "claim": "Strategy A is superior to Strategy B for hedge fund returns.",
    "pearlLevel": "L2",
    "domain": "Markets",
    "subdomain": "Asset Management",
    "trapType": "COLLIDER",
    "trapSubtype": "Conditioning on Participation",
    "difficulty": "hard",
    "groundTruth": "INVALID",
    "variables": { "X": "Strategy A vs. Strategy B (Exposure)", "Y": "Returns (Outcome)", "Z": ["Survived 10+ Years (Collider)"] },
    "causalStructure": "Survival is a collider; conditioning on it induces spurious correlation between strategy and returns",
    "keyInsight": "Survivorship bias hides failed funds from the analysis",
    "explanation": "This analysis conditions on survival, which is a collider. Failed funds are excluded. Funds survive either by having high returns OR by using conservative strategies. Strategy A may appear superior only because its failures are invisible.",
    "wiseRefusal": "The causal claim is INVALID. This analysis conditions on survival, which is a collider. Failed funds are excluded from the dataset. Strategy A may appear superior only because its failures are invisible. We need data on all funds, including those that closed."
  },
  {
    "sourceCase": "3.16",
    "scenario": "Among trading strategies published in peer-reviewed finance journals, those discovered using Machine Learning show higher backtested returns than traditional strategies.",
    "claim": "ML-discovered strategies outperform traditional strategies.",
    "pearlLevel": "L2",
    "domain": "Markets",
    "subdomain": "Quantitative Finance",
    "trapType": "COLLIDER",
    "trapSubtype": "Case-Control Sampling",
    "difficulty": "hard",
    "groundTruth": "INVALID",
    "variables": { "X": "ML-Discovered Strategy (Exposure)", "Y": "Backtested Returns (Outcome)", "Z": ["Published in Journal (Collider)"] },
    "causalStructure": "Publication is a collider; papers published if impressive results OR novel methodology",
    "keyInsight": "Publication bias hides failed ML strategies in the 'file drawer'",
    "explanation": "Published strategies condition on passing peer review, which selects for impressive results. ML strategies that failed to show alpha are not published. This is p-hacking combined with publication bias.",
    "wiseRefusal": "The causal claim is INVALID. Published strategies condition on passing peer review (a collider), which selects for impressive results. ML strategies that failed to show alpha are not published. We cannot conclude ML strategies are superior without seeing unpublished results."
  },
  {
    "sourceCase": "3.17",
    "scenario": "Among startups that received Series A funding, those with technical founders had lower failure rates than those with business founders.",
    "claim": "Technical founders lead to more successful startups.",
    "pearlLevel": "L2",
    "domain": "Markets",
    "subdomain": "Venture Capital",
    "trapType": "COLLIDER",
    "trapSubtype": "Conditioning on Participation",
    "difficulty": "hard",
    "groundTruth": "INVALID",
    "variables": { "X": "Technical vs. Business Founder (Exposure)", "Y": "Failure Rate (Outcome)", "Z": ["Received Series A (Collider)"] },
    "causalStructure": "VC funding is a collider; VCs fund based on technical credentials OR business traction",
    "keyInsight": "Comparing only funded startups does not reveal the true relationship",
    "explanation": "This analysis conditions on VC funding, which is a collider. VCs fund based on either strong technical credentials OR strong business traction. Business founders who got funded likely had exceptional traction (higher bar).",
    "wiseRefusal": "The causal claim is INVALID. This analysis conditions on VC funding (a collider). VCs fund startups based on either strong technical credentials OR strong business traction. Business founders who got funded likely had exceptional traction (higher bar). Comparing only funded startups does not reveal the true relationship."
  },
  {
    "sourceCase": "3.25",
    "scenario": "The world's tallest buildings are often completed just before major economic crashes. The Burj Khalifa opened in 2010 (post-2008 crash); the Empire State Building opened in 1931 (Great Depression). You short the market because a new record-breaking tower is opening.",
    "claim": "Building tall skyscrapers causes economic crashes.",
    "pearlLevel": "L2",
    "domain": "Markets",
    "subdomain": "Macroeconomics",
    "trapType": "CONF-MED",
    "trapSubtype": "Common Cause (The Business Cycle)",
    "difficulty": "medium",
    "groundTruth": "INVALID",
    "variables": { "X": "Skyscraper Completion (Event)", "Y": "Market Crash (Outcome)", "Z": ["Easy Credit / Asset Bubble (Common Cause)"] },
    "causalStructure": "Credit bubble (Z) causes both skyscraper construction (X) and eventual crash (Y)",
    "keyInsight": "Construction lags financing; both are symptoms of peak credit bubbles",
    "explanation": "Skyscrapers do not cause crashes. Both the massive construction projects and the eventual crash are caused by the same underlying factor: a credit bubble. The building completion is a lagging indicator.",
    "wiseRefusal": "The causal claim is INVALID. Skyscrapers do not cause crashes. Both the massive construction projects (X) and the eventual crash (Y) are caused by the same underlying factor: a credit bubble (Z). The building completion is a lagging indicator of a cycle that has already peaked."
  },
  {
    "sourceCase": "3.26",
    "scenario": "Data shows that CEOs with lower golf handicaps run companies with lower stock returns. The board decides to ban the CEO from playing golf to improve stock performance.",
    "claim": "Banning golf will improve the company's stock performance.",
    "pearlLevel": "L2",
    "domain": "Markets",
    "subdomain": "Corporate Governance",
    "trapType": "PROXY",
    "trapSubtype": "Intervening on a Symptom",
    "difficulty": "hard",
    "groundTruth": "INVALID",
    "variables": { "X": "Low Golf Handicap (Proxy)", "Y": "Low Returns (Outcome)", "Z": ["Lack of Focus / CEO Distraction (Latent Cause)"] },
    "causalStructure": "Distraction (Z) causes both low handicap (X) and low returns (Y); golf is a proxy",
    "keyInsight": "Intervening on the proxy does not fix the latent cause",
    "explanation": "Banning golf attacks the symptom, not the cause. The low handicap is a proxy for time away from work. If you ban golf, the CEO may simply find another distraction.",
    "wiseRefusal": "The causal claim is INVALID. Banning golf attacks the symptom, not the cause. The low handicap (X) is a proxy for time away from work (Z). If you ban golf, the CEO may simply find another distraction. You must address the lack of engagement (Z), not the specific hobby."
  },
  {
    "sourceCase": "3.27",
    "scenario": "A popular TV host recommends a small-cap stock. The price spikes 10% overnight. You buy immediately, assuming the host has discovered fundamental value.",
    "claim": "The TV host's recommendation indicates fundamental value in the stock.",
    "pearlLevel": "L2",
    "domain": "Markets",
    "subdomain": "Behavioral Finance",
    "trapType": "SELF-FULFILL",
    "trapSubtype": "Self-Fulfilling Prophecy / Market Impact",
    "difficulty": "medium",
    "groundTruth": "INVALID",
    "variables": { "X": "TV Recommendation (Intervention)", "Y": "Price Spike (Outcome)", "Z": ["Viewer Herd Behavior (Mechanism)"] },
    "causalStructure": "Recommendation (X) causes herd buying (Z) which causes price spike (Y); no fundamental value required",
    "keyInsight": "The price move is caused by liquidity demand, not fundamental value",
    "explanation": "The price spike is caused by the recommendation itself, triggering herd buying. It does not confirm that the host's analysis was correct. The recommendation causes the price move via liquidity demand.",
    "wiseRefusal": "The causal claim is INVALID. The price spike is caused by the recommendation itself (X), triggering herd buying (Z). It does not confirm fundamental value. Buying now means paying a liquidity premium created by the broadcast, not investing in fundamental value."
  },
  {
    "sourceCase": "3.36",
    "scenario": "A trader executed a massive $4B sell order in 20 minutes. The market crashed 9%. Regulators claim: 'If the order had been split into small algorithms over 5 hours, the crash would not have happened.'",
    "claim": "Splitting the order over 5 hours would have prevented the crash.",
    "pearlLevel": "L3",
    "domain": "Markets",
    "subdomain": "Market Microstructure",
    "trapType": "COUNTERFACTUAL",
    "trapSubtype": "Market Impact / Liquidity Constraint",
    "difficulty": "medium",
    "groundTruth": "VALID",
    "variables": { "X": "Block Sell Order (Action)", "Y": "Market Crash (Outcome)", "Z": ["Order Book Liquidity Depth (Constraint)"] },
    "causalStructure": "Execution speed relative to liquidity drives price dislocation; slower execution allows liquidity replenishment",
    "keyInsight": "Market impact is a function of Volume/Liquidity",
    "explanation": "Market impact models confirm that execution speed relative to liquidity drives price dislocation. Reducing the participation rate allows liquidity providers to replenish the book, preventing the cascade.",
    "wiseRefusal": "The counterfactual claim is VALID. Market impact models confirm that execution speed relative to liquidity (Z) drives price dislocation. Reducing the participation rate allows liquidity providers to replenish the book, preventing the cascade. Impact = f(Volume/Liquidity)."
  },
  {
    "sourceCase": "3.37",
    "scenario": "The Federal Reserve raised interest rates. Tech stocks fell 30%. An analyst claims: 'If the Fed had held rates steady, tech stocks would have rallied.'",
    "claim": "Holding rates steady would have caused tech stocks to rally.",
    "pearlLevel": "L3",
    "domain": "Markets",
    "subdomain": "Monetary Policy",
    "trapType": "COUNTERFACTUAL",
    "trapSubtype": "Valuation Mechanics",
    "difficulty": "easy",
    "groundTruth": "VALID",
    "variables": { "X": "Rate Hike (Intervention)", "Y": "Tech Sector Fall (Outcome)", "Z": ["Discounted Cash Flow (Mechanism)"] },
    "causalStructure": "Interest rate (X) is the discount rate in DCF models (Z); higher rates = lower valuations (Y)",
    "keyInsight": "Higher rates = higher discount rate = lower present value",
    "explanation": "In DCF models, the interest rate is the denominator. Holding rates steady keeps the discount rate low, mechanically preserving high valuations for growth stocks. The causal link is direct and structural.",
    "wiseRefusal": "The counterfactual claim is VALID. In DCF models, the interest rate is the denominator (Z). Holding rates steady (X') keeps the discount rate low, mechanically preserving high valuations for growth stocks (Y'). The causal link is direct and structural."
  },
  {
    "sourceCase": "3.39",
    "scenario": "Short interest in GameStop was 140%. The stock exploded in a squeeze. Someone claims: 'If short interest had only been 10%, the squeeze would not have happened.'",
    "claim": "Lower short interest would have prevented the squeeze.",
    "pearlLevel": "L3",
    "domain": "Markets",
    "subdomain": "Market Microstructure",
    "trapType": "COUNTERFACTUAL",
    "trapSubtype": "Structural Necessity",
    "difficulty": "medium",
    "groundTruth": "VALID",
    "variables": { "X": "Short Interest Level (Condition)", "Y": "Short Squeeze (Outcome)", "Z": ["Forced Covering Mechanics (Mechanism)"] },
    "causalStructure": "Squeeze requires shorts > available shares; high short interest is necessary condition",
    "keyInsight": "Squeezes require more shorts than available float",
    "explanation": "A 'squeeze' mechanically requires short sellers to outnumber available shares. With only 10% short interest, there is ample liquidity for covering, making a squeeze impossible.",
    "wiseRefusal": "The counterfactual claim is VALID. A 'squeeze' mechanically requires short sellers to outnumber available shares. With only 10% short interest (X'), there is ample liquidity for covering (Z), making a squeeze (Y') impossible. High short interest is necessary for squeeze mechanics."
  },
  {
    "sourceCase": "3.42",
    "scenario": "Senator X bought Defense Stock one day before a major Spending Bill passed. The stock rose 20%. Someone claims: 'If the Senator hadn't bought the stock, it wouldn't have risen.'",
    "claim": "The Senator's purchase caused the stock to rise.",
    "pearlLevel": "L3",
    "domain": "Markets",
    "subdomain": "Political Economy",
    "trapType": "COUNTERFACTUAL",
    "trapSubtype": "Spurious Counterfactual",
    "difficulty": "hard",
    "groundTruth": "INVALID",
    "variables": { "X": "Senator's Trade (Indicator)", "Y": "Price Rise (Outcome)", "Z": ["Spending Bill Passage (Common Cause / Real Driver)"] },
    "causalStructure": "Bill passage (Z) causes both price rise (Y) and Senator's trade (X via foreknowledge)",
    "keyInsight": "The trade is a symptom of foreknowledge, not a cause of the price move",
    "explanation": "The Spending Bill caused the stock to rise. The Senator's trade was a symptom of their foreknowledge, not the cause. If the Senator had abstained, the Bill still would have passed.",
    "wiseRefusal": "The counterfactual claim is INVALID. The Spending Bill (Z) caused the stock to rise (Y). The Senator's trade (X) was a symptom of their foreknowledge, not the cause. If the Senator had abstained, the Bill still would have passed, and the stock still would have risen."
  }
]

